url_path,views_total,views_unique
/luarss/awesome-conference-dates/blob/main/get_deadlines.py,2,2
/luarss/awesome-conference-dates/blob/main/LICENSE,2,2
/luarss/awesome-conference-dates/blob/main/pyproject.toml,2,2
/luarss/awesome-conference-dates,1,1
/luarss/awesome-conference-dates/blame/main/pyproject.toml,1,1
/luarss/awesome-conference-dates/blob/main/all_vlsi_conf_names.csv,1,1
/luarss/awesome-conference-dates/blob/main/.gitignore,1,1
/luarss/awesome-conference-dates/blob/main/requirements.txt,1,1
/luarss/awesome-conference-dates/commits/main/pyproject.toml,1,1
